<?xml version="1.0" encoding="UTF-8"?>
<metadata>
  <identifier>amiga-comal-3.4dk</identifier>
  <mediatype>texts</mediatype>
  <collection>manuals_various</collection>
  <creator>Svend Daugaard Pedersen</creator>
  <date>1996-01-11</date>
  <description>&lt;div&gt;AmigaComal 3.4 by Svend Daugaard Pedersen (Aminet.net)&lt;/div&gt;&lt;div&gt;&lt;br /&gt;&lt;/div&gt;&lt;div&gt;Manual included with files.&lt;br /&gt;&lt;/div&gt;&lt;div&gt;&lt;br /&gt;&lt;/div&gt;&lt;div&gt;&lt;br /&gt;&lt;/div&gt;&lt;div&gt;&lt;div&gt;I am looking for AmigaComal v2.00 &amp; V2.10 (Not the demo). If 
you have this version please leave a comment in the review section Thanks.&lt;/div&gt;&lt;div&gt;&lt;br /&gt;&lt;br /&gt;&lt;/div&gt;&lt;/div&gt;&lt;div&gt;&lt;br /&gt;&lt;/div&gt;&lt;div&gt;&lt;br /&gt;&lt;/div&gt;</description>
  <language>dan</language>
  <licenseurl>http://creativecommons.org/publicdomain/mark/1.0/</licenseurl>
  <scanner>Internet Archive HTML5 Uploader 1.6.4</scanner>
  <subject>AmigaComal;Comal80</subject>
  <subject>Comal</subject>
  <subject>Amiga</subject>
  <subject>Comal 80</subject>
  <subject>Comal</subject>
  <subject>Unicomal</subject>
  <subject>Education</subject>
  <subject>Basic</subject>
  <subject>Pascal</subject>
  <subject>Denmark</subject>
  <subject>Svend Daugaard Pedersen</subject>
  <title>Amiga Comal 3.4 Dk &amp; English</title>
  <uploader>mr_larsen_soren@yahoo.com</uploader>
  <publicdate>2020-09-30 19:56:17</publicdate>
  <addeddate>2020-09-30 19:56:17</addeddate>
  <curation>[curator]validator@archive.org[/curator][date]20200930200152[/date][comment]checked for malware[/comment]</curation>
  <year>1996</year>
  <identifier-access>http://archive.org/details/amiga-comal-3.4dk</identifier-access>
  <identifier-ark>ark:/13960/t2j772t99</identifier-ark>
  <collection>manuals</collection>
  <collection>additional_collections</collection>
</metadata>
