<?xml version="1.0" encoding="UTF-8"?>
<files>
  <file name="AmigaComal3.4dk.jpg" source="original">
    <mtime>1601495757</mtime>
    <size>86606</size>
    <md5>aa4a5433862316e05684e86549b4ae05</md5>
    <crc32>11001536</crc32>
    <sha1>47ffe8fa0a977332b897fd8d533ebc5e0369c28c</sha1>
    <format>JPEG</format>
    <rotation>0</rotation>
  </file>
  <file name="AmigaComal3.4dk_thumb.jpg" source="derivative">
    <format>JPEG Thumb</format>
    <original>AmigaComal3.4dk.jpg</original>
    <mtime>1601496123</mtime>
    <size>3530</size>
    <md5>dc4b16c740b4e385eb693d784c1bdb61</md5>
    <crc32>3d93be14</crc32>
    <sha1>cdff0454be40f3f78aa2910fecde5afa678a189c</sha1>
  </file>
  <file name="Comal.readme" source="original">
    <mtime>1601495782</mtime>
    <size>1202</size>
    <md5>658081f1d5ed99c4eabf5d09c84bd4a1</md5>
    <crc32>548b3b31</crc32>
    <sha1>f8a1c4f7d7aededda5147a357e67b99cc98e975c</sha1>
    <format>Unknown</format>
  </file>
  <file name="Comal.readme.info" source="original">
    <mtime>1601495789</mtime>
    <size>2686</size>
    <md5>f31020a51a3445c138b36868fb784027</md5>
    <crc32>ed6a4546</crc32>
    <sha1>eb6db9954f35f09227bbfc1f9e0b219306ade788</sha1>
    <format>Unknown</format>
  </file>
  <file name="Comal.v3.4.rar" source="original">
    <mtime>1601565697</mtime>
    <size>484070</size>
    <md5>19f6e73a96660247b4c8f9974b426c20</md5>
    <crc32>9f33175a</crc32>
    <sha1>e0c03d05a5ace33074914dfde323cdf905d78614</sha1>
    <format>RAR</format>
    <filecount>146</filecount>
  </file>
  <file name="README.txt" source="original">
    <mtime>1601495798</mtime>
    <size>1279</size>
    <md5>9859a55be2b9df57363c9422377fc77a</md5>
    <crc32>c610e49b</crc32>
    <sha1>bb1b08a45e1bde085625d8c43d8c5581f7efa353</sha1>
    <format>Text</format>
  </file>
  <file name="__ia_thumb.jpg" source="original">
    <mtime>1646598407</mtime>
    <size>6755</size>
    <md5>6eea4155a94aef788293281637d486ee</md5>
    <crc32>e7700f18</crc32>
    <sha1>7fbe81935e70bc1b3304f24946a619ba5a2fa84b</sha1>
    <format>Item Tile</format>
    <rotation>0</rotation>
  </file>
  <file name="amiga-comal-3.4dk_archive.torrent" source="metadata">
    <btih>9638d04b62df0bfa22608ebd98e8f86f71804fb6</btih>
    <mtime>1692491697</mtime>
    <size>2730</size>
    <md5>857b3b3f690aff330663bdbb3f77b3ab</md5>
    <crc32>c0a7be05</crc32>
    <sha1>c9e1aa33c20c13d9cab6e7e4262be5bf975b1bc2</sha1>
    <format>Archive BitTorrent</format>
  </file>
  <file name="amiga-comal-3.4dk_files.xml" source="original">
    <format>Metadata</format>
    <md5>f904723dd825292dc3bc6654a33f9602</md5>
    <summation>md5</summation>
  </file>
  <file name="amiga-comal-3.4dk_meta.sqlite" source="original">
    <mtime>1601565885</mtime>
    <size>20480</size>
    <md5>1331fd75deb4373a6a6eded8e690b8f9</md5>
    <crc32>d3ba9bd8</crc32>
    <sha1>94ce03cef1a800403b2d37f07dae1e0ec9ac2b7d</sha1>
    <format>Metadata</format>
  </file>
  <file name="amiga-comal-3.4dk_meta.xml" source="original">
    <mtime>1692491696</mtime>
    <size>1900</size>
    <md5>9068517eb16ec8e3fa42540dc9dd1ad1</md5>
    <crc32>ea5f0184</crc32>
    <sha1>aa1c670df32975829456fe1d1885b0624090cf8c</sha1>
    <format>Metadata</format>
  </file>
</files>
